Product 1,Product 2,Times Bought Together
JUMBO BAG PINK POLKADOT,JUMBO BAG RED RETROSPOT,546
PARTY BUNTING,SPOTTY BUNTING,389
PARTY BUNTING,WHITE HANGING HEART T-LIGHT HOLDER,279
ASSORTED COLOUR BIRD ORNAMENT,WHITE HANGING HEART T-LIGHT HOLDER,271
JUMBO BAG RED RETROSPOT,WHITE HANGING HEART T-LIGHT HOLDER,251
JAM MAKING SET WITH JARS,SET OF 3 CAKE TINS PANTRY DESIGN ,242
REGENCY CAKESTAND 3 TIER,WHITE HANGING HEART T-LIGHT HOLDER,234
ASSORTED COLOUR BIRD ORNAMENT,REGENCY CAKESTAND 3 TIER,231
PARTY BUNTING,REGENCY CAKESTAND 3 TIER,229
REGENCY CAKESTAND 3 TIER,SET OF 3 CAKE TINS PANTRY DESIGN ,217
SET OF 3 CAKE TINS PANTRY DESIGN ,WHITE HANGING HEART T-LIGHT HOLDER,197
ASSORTED COLOUR BIRD ORNAMENT,PARTY BUNTING,193
JUMBO BAG RED RETROSPOT,PARTY BUNTING,184
JAM MAKING SET WITH JARS,REGENCY CAKESTAND 3 TIER,174
SPOTTY BUNTING,WHITE HANGING HEART T-LIGHT HOLDER,170
PARTY BUNTING,SET OF 3 CAKE TINS PANTRY DESIGN ,168
WHITE HANGING HEART T-LIGHT HOLDER,WOOD BLACK BOARD ANT WHITE FINISH,165
JUMBO BAG RED RETROSPOT,REGENCY CAKESTAND 3 TIER,158
ASSORTED COLOUR BIRD ORNAMENT,SPOTTY BUNTING,158
JUMBO BAG RED RETROSPOT,SPOTTY BUNTING,158
POSTAGE,REGENCY CAKESTAND 3 TIER,156
JUMBO BAG RED RETROSPOT,SET OF 3 CAKE TINS PANTRY DESIGN ,148
JUMBO BAG PINK POLKADOT,WHITE HANGING HEART T-LIGHT HOLDER,136
ASSORTED COLOUR BIRD ORNAMENT,SET OF 3 CAKE TINS PANTRY DESIGN ,129
JAM MAKING SET WITH JARS,WHITE HANGING HEART T-LIGHT HOLDER,124
SET OF 3 CAKE TINS PANTRY DESIGN ,SPOTTY BUNTING,124
REGENCY CAKESTAND 3 TIER,SPOTTY BUNTING,121
ASSORTED COLOUR BIRD ORNAMENT,JUMBO BAG RED RETROSPOT,118
JAM MAKING SET WITH JARS,PARTY BUNTING,113
POSTAGE,RABBIT NIGHT LIGHT,113
PAPER CHAIN KIT 50'S CHRISTMAS ,WHITE HANGING HEART T-LIGHT HOLDER,113
JUMBO BAG PINK POLKADOT,PARTY BUNTING,110
JAM MAKING SET WITH JARS,JUMBO BAG RED RETROSPOT,109
PAPER CHAIN KIT 50'S CHRISTMAS ,RABBIT NIGHT LIGHT,103
ASSORTED COLOUR BIRD ORNAMENT,WOOD BLACK BOARD ANT WHITE FINISH,102
ASSORTED COLOUR BIRD ORNAMENT,JAM MAKING SET WITH JARS,98
DOORMAT KEEP CALM AND COME IN,REGENCY CAKESTAND 3 TIER,96
JUMBO BAG RED RETROSPOT,PAPER CHAIN KIT 50'S CHRISTMAS ,96
JUMBO BAG PINK POLKADOT,SPOTTY BUNTING,92
PARTY BUNTING,WOOD BLACK BOARD ANT WHITE FINISH,91
PAPER CHAIN KIT 50'S CHRISTMAS ,REGENCY CAKESTAND 3 TIER,91
REGENCY CAKESTAND 3 TIER,WOOD BLACK BOARD ANT WHITE FINISH,88
JAM MAKING SET WITH JARS,SPOTTY BUNTING,87
JUMBO BAG RED RETROSPOT,POSTAGE,86
DOORMAT KEEP CALM AND COME IN,JUMBO BAG RED RETROSPOT,85
DOORMAT KEEP CALM AND COME IN,WHITE HANGING HEART T-LIGHT HOLDER,85
ASSORTED COLOUR BIRD ORNAMENT,PAPER CHAIN KIT 50'S CHRISTMAS ,85
CHILLI LIGHTS,WHITE HANGING HEART T-LIGHT HOLDER,85
RABBIT NIGHT LIGHT,REGENCY CAKESTAND 3 TIER,80
DOORMAT KEEP CALM AND COME IN,SPOTTY BUNTING,77
JUMBO BAG PINK POLKADOT,REGENCY CAKESTAND 3 TIER,75
PAPER CHAIN KIT 50'S CHRISTMAS ,SPOTTY BUNTING,74
JAM MAKING SET WITH JARS,PAPER CHAIN KIT 50'S CHRISTMAS ,74
PAPER CHAIN KIT 50'S CHRISTMAS ,SET OF 3 CAKE TINS PANTRY DESIGN ,74
DOORMAT KEEP CALM AND COME IN,PARTY BUNTING,71
CHILLI LIGHTS,JUMBO BAG RED RETROSPOT,70
JUMBO BAG RED RETROSPOT,RABBIT NIGHT LIGHT,69
ASSORTED COLOUR BIRD ORNAMENT,RABBIT NIGHT LIGHT,67
CHILLI LIGHTS,PARTY BUNTING,66
SET OF 3 CAKE TINS PANTRY DESIGN ,WOOD BLACK BOARD ANT WHITE FINISH,66
RABBIT NIGHT LIGHT,WHITE HANGING HEART T-LIGHT HOLDER,65
JUMBO BAG PINK POLKADOT,SET OF 3 CAKE TINS PANTRY DESIGN ,65
ASSORTED COLOUR BIRD ORNAMENT,JUMBO BAG PINK POLKADOT,63
POSTAGE,SET OF 3 CAKE TINS PANTRY DESIGN ,62
PAPER CHAIN KIT 50'S CHRISTMAS ,PARTY BUNTING,62
ASSORTED COLOUR BIRD ORNAMENT,DOORMAT KEEP CALM AND COME IN,61
SPOTTY BUNTING,WOOD BLACK BOARD ANT WHITE FINISH,60
DOORMAT KEEP CALM AND COME IN,PAPER CHAIN KIT 50'S CHRISTMAS ,59
CHILLI LIGHTS,REGENCY CAKESTAND 3 TIER,58
JUMBO BAG RED RETROSPOT,WOOD BLACK BOARD ANT WHITE FINISH,57
RABBIT NIGHT LIGHT,SPOTTY BUNTING,53
POSTAGE,SPOTTY BUNTING,50
CHILLI LIGHTS,PAPER CHAIN KIT 50'S CHRISTMAS ,50
JAM MAKING SET WITH JARS,POSTAGE,50
CHILLI LIGHTS,SET OF 3 CAKE TINS PANTRY DESIGN ,49
DOORMAT KEEP CALM AND COME IN,RABBIT NIGHT LIGHT,47
JUMBO BAG PINK POLKADOT,PAPER CHAIN KIT 50'S CHRISTMAS ,45
PARTY BUNTING,RABBIT NIGHT LIGHT,44
CHILLI LIGHTS,SPOTTY BUNTING,44
MEDIUM CERAMIC TOP STORAGE JAR,SET OF 3 CAKE TINS PANTRY DESIGN ,43
DOORMAT KEEP CALM AND COME IN,SET OF 3 CAKE TINS PANTRY DESIGN ,43
ASSORTED COLOUR BIRD ORNAMENT,CHILLI LIGHTS,42
MEDIUM CERAMIC TOP STORAGE JAR,SPOTTY BUNTING,41
JAM MAKING SET WITH JARS,JUMBO BAG PINK POLKADOT,41
Manual,WHITE HANGING HEART T-LIGHT HOLDER,41
CHILLI LIGHTS,RABBIT NIGHT LIGHT,41
RABBIT NIGHT LIGHT,SET OF 3 CAKE TINS PANTRY DESIGN ,40
BLACK RECORD COVER FRAME,WHITE HANGING HEART T-LIGHT HOLDER,39
CHILLI LIGHTS,JAM MAKING SET WITH JARS,38
JAM MAKING SET WITH JARS,MEDIUM CERAMIC TOP STORAGE JAR,38
DOORMAT KEEP CALM AND COME IN,JAM MAKING SET WITH JARS,38
ASSORTED COLOUR BIRD ORNAMENT,POSTAGE,38
BLACK RECORD COVER FRAME,REGENCY CAKESTAND 3 TIER,36
JUMBO BAG PINK POLKADOT,POSTAGE,35
JAM MAKING SET WITH JARS,RABBIT NIGHT LIGHT,35
PARTY BUNTING,POSTAGE,35
CHILLI LIGHTS,WOOD BLACK BOARD ANT WHITE FINISH,34
DOORMAT KEEP CALM AND COME IN,JUMBO BAG PINK POLKADOT,34
JAM MAKING SET WITH JARS,WOOD BLACK BOARD ANT WHITE FINISH,33
MEDIUM CERAMIC TOP STORAGE JAR,REGENCY CAKESTAND 3 TIER,33
BLACK RECORD COVER FRAME,PARTY BUNTING,33
JUMBO BAG PINK POLKADOT,RABBIT NIGHT LIGHT,33
CHILLI LIGHTS,JUMBO BAG PINK POLKADOT,32
DOORMAT KEEP CALM AND COME IN,WOOD BLACK BOARD ANT WHITE FINISH,30
BLACK RECORD COVER FRAME,CHILLI LIGHTS,30
PAPER CHAIN KIT 50'S CHRISTMAS ,WOOD BLACK BOARD ANT WHITE FINISH,30
CHILLI LIGHTS,DOORMAT KEEP CALM AND COME IN,29
BLACK RECORD COVER FRAME,JUMBO BAG RED RETROSPOT,29
JUMBO BAG PINK POLKADOT,WOOD BLACK BOARD ANT WHITE FINISH,28
ASSORTED COLOUR BIRD ORNAMENT,Manual,26
BLACK RECORD COVER FRAME,RABBIT NIGHT LIGHT,26
Manual,REGENCY CAKESTAND 3 TIER,25
BLACK RECORD COVER FRAME,SET OF 3 CAKE TINS PANTRY DESIGN ,24
JUMBO BAG RED RETROSPOT,MEDIUM CERAMIC TOP STORAGE JAR,23
MEDIUM CERAMIC TOP STORAGE JAR,PARTY BUNTING,23
BLACK RECORD COVER FRAME,DOORMAT KEEP CALM AND COME IN,21
Manual,PAPER CHAIN KIT 50'S CHRISTMAS ,21
ASSORTED COLOUR BIRD ORNAMENT,BLACK RECORD COVER FRAME,20
BLACK RECORD COVER FRAME,JAM MAKING SET WITH JARS,20
JUMBO BAG RED RETROSPOT,Manual,20
MEDIUM CERAMIC TOP STORAGE JAR,PAPER CHAIN KIT 50'S CHRISTMAS ,18
MEDIUM CERAMIC TOP STORAGE JAR,WHITE HANGING HEART T-LIGHT HOLDER,18
POSTAGE,WHITE HANGING HEART T-LIGHT HOLDER,17
BLACK RECORD COVER FRAME,SPOTTY BUNTING,16
ASSORTED COLOUR BIRD ORNAMENT,MEDIUM CERAMIC TOP STORAGE JAR,16
BLACK RECORD COVER FRAME,PAPER CHAIN KIT 50'S CHRISTMAS ,15
BLACK RECORD COVER FRAME,POSTAGE,15
RABBIT NIGHT LIGHT,WOOD BLACK BOARD ANT WHITE FINISH,14
BLACK RECORD COVER FRAME,JUMBO BAG PINK POLKADOT,13
POSTAGE,WOOD BLACK BOARD ANT WHITE FINISH,13
JUMBO BAG PINK POLKADOT,MEDIUM CERAMIC TOP STORAGE JAR,13
DOORMAT KEEP CALM AND COME IN,MEDIUM CERAMIC TOP STORAGE JAR,12
Manual,SET OF 3 CAKE TINS PANTRY DESIGN ,12
Manual,RABBIT NIGHT LIGHT,11
DOORMAT KEEP CALM AND COME IN,Manual,11
MEDIUM CERAMIC TOP STORAGE JAR,RABBIT NIGHT LIGHT,10
Manual,PARTY BUNTING,10
PAPER CHAIN KIT 50'S CHRISTMAS ,POSTAGE,10
JUMBO BAG PINK POLKADOT,Manual,10
Manual,SPOTTY BUNTING,10
CHILLI LIGHTS,Manual,9
BLACK RECORD COVER FRAME,WOOD BLACK BOARD ANT WHITE FINISH,8
CHILLI LIGHTS,MEDIUM CERAMIC TOP STORAGE JAR,8
JAM MAKING SET WITH JARS,Manual,7
Manual,WOOD BLACK BOARD ANT WHITE FINISH,6
BLACK RECORD COVER FRAME,Manual,5
BLACK RECORD COVER FRAME,MEDIUM CERAMIC TOP STORAGE JAR,5
DOORMAT KEEP CALM AND COME IN,POSTAGE,5
MEDIUM CERAMIC TOP STORAGE JAR,Manual,5
MEDIUM CERAMIC TOP STORAGE JAR,POSTAGE,4
MEDIUM CERAMIC TOP STORAGE JAR,WOOD BLACK BOARD ANT WHITE FINISH,4
CHILLI LIGHTS,POSTAGE,3
